ID,XMIN,XMAX,YMIN,YMAX
52,-72.910387527299747,-72.909387527299742,36.726973686000001,36.727973685999999
53,-72.909387527299742,-72.908387527299737,36.726973686000001,36.727973685999999
136,-72.914387527299766,-72.913387527299761,36.725973686000003,36.726973686000001
137,-72.913387527299761,-72.912387527299757,36.725973686000003,36.726973686000001
140,-72.910387527299747,-72.909387527299742,36.725973686000003,36.726973686000001
141,-72.909387527299742,-72.908387527299737,36.725973686000003,36.726973686000001
142,-72.908387527299737,-72.907387527299733,36.725973686000003,36.726973686000001
143,-72.907387527299733,-72.906387527299728,36.725973686000003,36.726973686000001
144,-72.906387527299728,-72.905387527299723,36.725973686000003,36.726973686000001
225,-72.913387527299761,-72.912387527299757,36.724973686000006,36.725973686000003
226,-72.912387527299757,-72.911387527299752,36.724973686000006,36.725973686000003
228,-72.910387527299747,-72.909387527299742,36.724973686000006,36.725973686000003
229,-72.909387527299742,-72.908387527299737,36.724973686000006,36.725973686000003
230,-72.908387527299737,-72.907387527299733,36.724973686000006,36.725973686000003
231,-72.907387527299733,-72.906387527299728,36.724973686000006,36.725973686000003
232,-72.906387527299728,-72.905387527299723,36.724973686000006,36.725973686000003
294,-72.932387527299852,-72.931387527299847,36.723973686000008,36.724973686000006
295,-72.931387527299847,-72.930387527299843,36.723973686000008,36.724973686000006
296,-72.930387527299843,-72.929387527299838,36.723973686000008,36.724973686000006
297,-72.929387527299838,-72.928387527299833,36.723973686000008,36.724973686000006
311,-72.915387527299771,-72.914387527299766,36.723973686000008,36.724973686000006
312,-72.914387527299766,-72.913387527299761,36.723973686000008,36.724973686000006
313,-72.913387527299761,-72.912387527299757,36.723973686000008,36.724973686000006
314,-72.912387527299757,-72.911387527299752,36.723973686000008,36.724973686000006
315,-72.911387527299752,-72.910387527299747,36.723973686000008,36.724973686000006
316,-72.910387527299747,-72.909387527299742,36.723973686000008,36.724973686000006
317,-72.909387527299742,-72.908387527299737,36.723973686000008,36.724973686000006
318,-72.908387527299737,-72.907387527299733,36.723973686000008,36.724973686000006
383,-72.931387527299847,-72.930387527299843,36.722973686000010,36.723973686000008
384,-72.930387527299843,-72.929387527299838,36.722973686000010,36.723973686000008
385,-72.929387527299838,-72.928387527299833,36.722973686000010,36.723973686000008
386,-72.928387527299833,-72.927387527299828,36.722973686000010,36.723973686000008
387,-72.927387527299828,-72.926387527299823,36.722973686000010,36.723973686000008
388,-72.926387527299823,-72.925387527299819,36.722973686000010,36.723973686000008
389,-72.925387527299819,-72.924387527299814,36.722973686000010,36.723973686000008
392,-72.922387527299804,-72.921387527299800,36.722973686000010,36.723973686000008
393,-72.921387527299800,-72.920387527299795,36.722973686000010,36.723973686000008
395,-72.919387527299790,-72.918387527299785,36.722973686000010,36.723973686000008
396,-72.918387527299785,-72.917387527299780,36.722973686000010,36.723973686000008
398,-72.916387527299776,-72.915387527299771,36.722973686000010,36.723973686000008
399,-72.915387527299771,-72.914387527299766,36.722973686000010,36.723973686000008
400,-72.914387527299766,-72.913387527299761,36.722973686000010,36.723973686000008
401,-72.913387527299761,-72.912387527299757,36.722973686000010,36.723973686000008
403,-72.911387527299752,-72.910387527299747,36.722973686000010,36.723973686000008
404,-72.910387527299747,-72.909387527299742,36.722973686000010,36.723973686000008
405,-72.909387527299742,-72.908387527299737,36.722973686000010,36.723973686000008
406,-72.908387527299737,-72.907387527299733,36.722973686000010,36.723973686000008
472,-72.930387527299843,-72.929387527299838,36.721973686000013,36.722973686000010
473,-72.929387527299838,-72.928387527299833,36.721973686000013,36.722973686000010
474,-72.928387527299833,-72.927387527299828,36.721973686000013,36.722973686000010
475,-72.927387527299828,-72.926387527299823,36.721973686000013,36.722973686000010
476,-72.926387527299823,-72.925387527299819,36.721973686000013,36.722973686000010
477,-72.925387527299819,-72.924387527299814,36.721973686000013,36.722973686000010
480,-72.922387527299804,-72.921387527299800,36.721973686000013,36.722973686000010
481,-72.921387527299800,-72.920387527299795,36.721973686000013,36.722973686000010
483,-72.919387527299790,-72.918387527299785,36.721973686000013,36.722973686000010
484,-72.918387527299785,-72.917387527299780,36.721973686000013,36.722973686000010
486,-72.916387527299776,-72.915387527299771,36.721973686000013,36.722973686000010
487,-72.915387527299771,-72.914387527299766,36.721973686000013,36.722973686000010
488,-72.914387527299766,-72.913387527299761,36.721973686000013,36.722973686000010
489,-72.913387527299761,-72.912387527299757,36.721973686000013,36.722973686000010
490,-72.912387527299757,-72.911387527299752,36.721973686000013,36.722973686000010
491,-72.911387527299752,-72.910387527299747,36.721973686000013,36.722973686000010
492,-72.910387527299747,-72.909387527299742,36.721973686000013,36.722973686000010
559,-72.931387527299847,-72.930387527299843,36.720973686000015,36.721973686000013
560,-72.930387527299843,-72.929387527299838,36.720973686000015,36.721973686000013
561,-72.929387527299838,-72.928387527299833,36.720973686000015,36.721973686000013
562,-72.928387527299833,-72.927387527299828,36.720973686000015,36.721973686000013
563,-72.927387527299828,-72.926387527299823,36.720973686000015,36.721973686000013
564,-72.926387527299823,-72.925387527299819,36.720973686000015,36.721973686000013
565,-72.925387527299819,-72.924387527299814,36.720973686000015,36.721973686000013
566,-72.924387527299814,-72.923387527299809,36.720973686000015,36.721973686000013
568,-72.922387527299804,-72.921387527299800,36.720973686000015,36.721973686000013
569,-72.921387527299800,-72.920387527299795,36.720973686000015,36.721973686000013
571,-72.919387527299790,-72.918387527299785,36.720973686000015,36.721973686000013
572,-72.918387527299785,-72.917387527299780,36.720973686000015,36.721973686000013
575,-72.915387527299771,-72.914387527299766,36.720973686000015,36.721973686000013
576,-72.914387527299766,-72.913387527299761,36.720973686000015,36.721973686000013
577,-72.913387527299761,-72.912387527299757,36.720973686000015,36.721973686000013
578,-72.912387527299757,-72.911387527299752,36.720973686000015,36.721973686000013
631,-72.947387527299924,-72.946387527299919,36.719973686000017,36.720973686000015
632,-72.946387527299919,-72.945387527299914,36.719973686000017,36.720973686000015
633,-72.945387527299914,-72.944387527299909,36.719973686000017,36.720973686000015
648,-72.930387527299843,-72.929387527299838,36.719973686000017,36.720973686000015
649,-72.929387527299838,-72.928387527299833,36.719973686000017,36.720973686000015
650,-72.928387527299833,-72.927387527299828,36.719973686000017,36.720973686000015
651,-72.927387527299828,-72.926387527299823,36.719973686000017,36.720973686000015
652,-72.926387527299823,-72.925387527299819,36.719973686000017,36.720973686000015
653,-72.925387527299819,-72.924387527299814,36.719973686000017,36.720973686000015
654,-72.924387527299814,-72.923387527299809,36.719973686000017,36.720973686000015
657,-72.921387527299800,-72.920387527299795,36.719973686000017,36.720973686000015
658,-72.920387527299795,-72.919387527299790,36.719973686000017,36.720973686000015
659,-72.919387527299790,-72.918387527299785,36.719973686000017,36.720973686000015
660,-72.918387527299785,-72.917387527299780,36.719973686000017,36.720973686000015
664,-72.914387527299766,-72.913387527299761,36.719973686000017,36.720973686000015
665,-72.913387527299761,-72.912387527299757,36.719973686000017,36.720973686000015
719,-72.947387527299924,-72.946387527299919,36.718973686000020,36.719973686000017
720,-72.946387527299919,-72.945387527299914,36.718973686000020,36.719973686000017
721,-72.945387527299914,-72.944387527299909,36.718973686000020,36.719973686000017
737,-72.929387527299838,-72.928387527299833,36.718973686000020,36.719973686000017
738,-72.928387527299833,-72.927387527299828,36.718973686000020,36.719973686000017
739,-72.927387527299828,-72.926387527299823,36.718973686000020,36.719973686000017
740,-72.926387527299823,-72.925387527299819,36.718973686000020,36.719973686000017
741,-72.925387527299819,-72.924387527299814,36.718973686000020,36.719973686000017
744,-72.922387527299804,-72.921387527299800,36.718973686000020,36.719973686000017
745,-72.921387527299800,-72.920387527299795,36.718973686000020,36.719973686000017
746,-72.920387527299795,-72.919387527299790,36.718973686000020,36.719973686000017
748,-72.918387527299785,-72.917387527299780,36.718973686000020,36.719973686000017
749,-72.917387527299780,-72.916387527299776,36.718973686000020,36.719973686000017
806,-72.948387527299928,-72.947387527299924,36.717973686000022,36.718973686000020
807,-72.947387527299924,-72.946387527299919,36.717973686000022,36.718973686000020
808,-72.946387527299919,-72.945387527299914,36.717973686000022,36.718973686000020
809,-72.945387527299914,-72.944387527299909,36.717973686000022,36.718973686000020
810,-72.944387527299909,-72.943387527299905,36.717973686000022,36.718973686000020
811,-72.943387527299905,-72.942387527299900,36.717973686000022,36.718973686000020
824,-72.930387527299843,-72.929387527299838,36.717973686000022,36.718973686000020
825,-72.929387527299838,-72.928387527299833,36.717973686000022,36.718973686000020
826,-72.928387527299833,-72.927387527299828,36.717973686000022,36.718973686000020
827,-72.927387527299828,-72.926387527299823,36.717973686000022,36.718973686000020
828,-72.926387527299823,-72.925387527299819,36.717973686000022,36.718973686000020
829,-72.925387527299819,-72.924387527299814,36.717973686000022,36.718973686000020
833,-72.921387527299800,-72.920387527299795,36.717973686000022,36.718973686000020
834,-72.920387527299795,-72.919387527299790,36.717973686000022,36.718973686000020
835,-72.919387527299790,-72.918387527299785,36.717973686000022,36.718973686000020
836,-72.918387527299785,-72.917387527299780,36.717973686000022,36.718973686000020
837,-72.917387527299780,-72.916387527299776,36.717973686000022,36.718973686000020
892,-72.950387527299938,-72.949387527299933,36.716973686000024,36.717973686000022
893,-72.949387527299933,-72.948387527299928,36.716973686000024,36.717973686000022
894,-72.948387527299928,-72.947387527299924,36.716973686000024,36.717973686000022
895,-72.947387527299924,-72.946387527299919,36.716973686000024,36.717973686000022
896,-72.946387527299919,-72.945387527299914,36.716973686000024,36.717973686000022
897,-72.945387527299914,-72.944387527299909,36.716973686000024,36.717973686000022
898,-72.944387527299909,-72.943387527299905,36.716973686000024,36.717973686000022
899,-72.943387527299905,-72.942387527299900,36.716973686000024,36.717973686000022
912,-72.930387527299843,-72.929387527299838,36.716973686000024,36.717973686000022
913,-72.929387527299838,-72.928387527299833,36.716973686000024,36.717973686000022
914,-72.928387527299833,-72.927387527299828,36.716973686000024,36.717973686000022
915,-72.927387527299828,-72.926387527299823,36.716973686000024,36.717973686000022
916,-72.926387527299823,-72.925387527299819,36.716973686000024,36.717973686000022
917,-72.925387527299819,-72.924387527299814,36.716973686000024,36.717973686000022
918,-72.924387527299814,-72.923387527299809,36.716973686000024,36.717973686000022
922,-72.920387527299795,-72.919387527299790,36.716973686000024,36.717973686000022
924,-72.918387527299785,-72.917387527299780,36.716973686000024,36.717973686000022
925,-72.917387527299780,-72.916387527299776,36.716973686000024,36.717973686000022
977,-72.953387527299952,-72.952387527299948,36.715973686000027,36.716973686000024
978,-72.952387527299948,-72.951387527299943,36.715973686000027,36.716973686000024
979,-72.951387527299943,-72.950387527299938,36.715973686000027,36.716973686000024
980,-72.950387527299938,-72.949387527299933,36.715973686000027,36.716973686000024
983,-72.947387527299924,-72.946387527299919,36.715973686000027,36.716973686000024
985,-72.945387527299914,-72.944387527299909,36.715973686000027,36.716973686000024
987,-72.943387527299905,-72.942387527299900,36.715973686000027,36.716973686000024
988,-72.942387527299900,-72.941387527299895,36.715973686000027,36.716973686000024
999,-72.931387527299847,-72.930387527299843,36.715973686000027,36.716973686000024
1000,-72.930387527299843,-72.929387527299838,36.715973686000027,36.716973686000024
1001,-72.929387527299838,-72.928387527299833,36.715973686000027,36.716973686000024
1002,-72.928387527299833,-72.927387527299828,36.715973686000027,36.716973686000024
1003,-72.927387527299828,-72.926387527299823,36.715973686000027,36.716973686000024
1004,-72.926387527299823,-72.925387527299819,36.715973686000027,36.716973686000024
1005,-72.925387527299819,-72.924387527299814,36.715973686000027,36.716973686000024
1006,-72.924387527299814,-72.923387527299809,36.715973686000027,36.716973686000024
1007,-72.923387527299809,-72.922387527299804,36.715973686000027,36.716973686000024
1012,-72.918387527299785,-72.917387527299780,36.715973686000027,36.716973686000024
1013,-72.917387527299780,-72.916387527299776,36.715973686000027,36.716973686000024
1029,-72.901387527299704,-72.900387527299699,36.715973686000027,36.716973686000024
1030,-72.900387527299699,-72.899387527299695,36.715973686000027,36.716973686000024
1061,-72.957387527299971,-72.956387527299967,36.714973686000029,36.715973686000027
1062,-72.956387527299967,-72.955387527299962,36.714973686000029,36.715973686000027
1063,-72.955387527299962,-72.954387527299957,36.714973686000029,36.715973686000027
1064,-72.954387527299957,-72.953387527299952,36.714973686000029,36.715973686000027
1065,-72.953387527299952,-72.952387527299948,36.714973686000029,36.715973686000027
1066,-72.952387527299948,-72.951387527299943,36.714973686000029,36.715973686000027
1067,-72.951387527299943,-72.950387527299938,36.714973686000029,36.715973686000027
1068,-72.950387527299938,-72.949387527299933,36.714973686000029,36.715973686000027
1075,-72.943387527299905,-72.942387527299900,36.714973686000029,36.715973686000027
1086,-72.932387527299852,-72.931387527299847,36.714973686000029,36.715973686000027
1087,-72.931387527299847,-72.930387527299843,36.714973686000029,36.715973686000027
1088,-72.930387527299843,-72.929387527299838,36.714973686000029,36.715973686000027
1089,-72.929387527299838,-72.928387527299833,36.714973686000029,36.715973686000027
1090,-72.928387527299833,-72.927387527299828,36.714973686000029,36.715973686000027
1091,-72.927387527299828,-72.926387527299823,36.714973686000029,36.715973686000027
1092,-72.926387527299823,-72.925387527299819,36.714973686000029,36.715973686000027
1093,-72.925387527299819,-72.924387527299814,36.714973686000029,36.715973686000027
1094,-72.924387527299814,-72.923387527299809,36.714973686000029,36.715973686000027
1095,-72.923387527299809,-72.922387527299804,36.714973686000029,36.715973686000027
1096,-72.922387527299804,-72.921387527299800,36.714973686000029,36.715973686000027
1117,-72.901387527299704,-72.900387527299699,36.714973686000029,36.715973686000027
1118,-72.900387527299699,-72.899387527299695,36.714973686000029,36.715973686000027
1119,-72.899387527299695,-72.898387527299690,36.714973686000029,36.715973686000027
1120,-72.898387527299690,-72.897387527299685,36.714973686000029,36.715973686000027
1121,-72.897387527299685,-72.896387527299680,36.714973686000029,36.715973686000027
1138,-72.880387527299604,-72.879387527299599,36.714973686000029,36.715973686000027
1139,-72.879387527299599,-72.878387527299594,36.714973686000029,36.715973686000027
1150,-72.956387527299967,-72.955387527299962,36.713973686000031,36.714973686000029
1151,-72.955387527299962,-72.954387527299957,36.713973686000031,36.714973686000029
1153,-72.953387527299952,-72.952387527299948,36.713973686000031,36.714973686000029
1154,-72.952387527299948,-72.951387527299943,36.713973686000031,36.714973686000029
1156,-72.950387527299938,-72.949387527299933,36.713973686000031,36.714973686000029
1158,-72.948387527299928,-72.947387527299924,36.713973686000031,36.714973686000029
1161,-72.945387527299914,-72.944387527299909,36.713973686000031,36.714973686000029
1162,-72.944387527299909,-72.943387527299905,36.713973686000031,36.714973686000029
1163,-72.943387527299905,-72.942387527299900,36.713973686000031,36.714973686000029
1164,-72.942387527299900,-72.941387527299895,36.713973686000031,36.714973686000029
1165,-72.941387527299895,-72.940387527299890,36.713973686000031,36.714973686000029
1171,-72.935387527299866,-72.934387527299862,36.713973686000031,36.714973686000029
1172,-72.934387527299862,-72.933387527299857,36.713973686000031,36.714973686000029
1173,-72.933387527299857,-72.932387527299852,36.713973686000031,36.714973686000029
1174,-72.932387527299852,-72.931387527299847,36.713973686000031,36.714973686000029
1175,-72.931387527299847,-72.930387527299843,36.713973686000031,36.714973686000029
1176,-72.930387527299843,-72.929387527299838,36.713973686000031,36.714973686000029
1177,-72.929387527299838,-72.928387527299833,36.713973686000031,36.714973686000029
1178,-72.928387527299833,-72.927387527299828,36.713973686000031,36.714973686000029
1179,-72.927387527299828,-72.926387527299823,36.713973686000031,36.714973686000029
1180,-72.926387527299823,-72.925387527299819,36.713973686000031,36.714973686000029
1181,-72.925387527299819,-72.924387527299814,36.713973686000031,36.714973686000029
1182,-72.924387527299814,-72.923387527299809,36.713973686000031,36.714973686000029
1183,-72.923387527299809,-72.922387527299804,36.713973686000031,36.714973686000029
1184,-72.922387527299804,-72.921387527299800,36.713973686000031,36.714973686000029
1206,-72.900387527299699,-72.899387527299695,36.713973686000031,36.714973686000029
1207,-72.899387527299695,-72.898387527299690,36.713973686000031,36.714973686000029
1209,-72.897387527299685,-72.896387527299680,36.713973686000031,36.714973686000029
1237,-72.957387527299971,-72.956387527299967,36.712973686000034,36.713973686000031
1238,-72.956387527299967,-72.955387527299962,36.712973686000034,36.713973686000031
1242,-72.952387527299948,-72.951387527299943,36.712973686000034,36.713973686000031
1243,-72.951387527299943,-72.950387527299938,36.712973686000034,36.713973686000031
1244,-72.950387527299938,-72.949387527299933,36.712973686000034,36.713973686000031
1245,-72.949387527299933,-72.948387527299928,36.712973686000034,36.713973686000031
1246,-72.948387527299928,-72.947387527299924,36.712973686000034,36.713973686000031
1247,-72.947387527299924,-72.946387527299919,36.712973686000034,36.713973686000031
1248,-72.946387527299919,-72.945387527299914,36.712973686000034,36.713973686000031
1249,-72.945387527299914,-72.944387527299909,36.712973686000034,36.713973686000031
1250,-72.944387527299909,-72.943387527299905,36.712973686000034,36.713973686000031
1253,-72.941387527299895,-72.940387527299890,36.712973686000034,36.713973686000031
1254,-72.940387527299890,-72.939387527299886,36.712973686000034,36.713973686000031
1255,-72.939387527299886,-72.938387527299881,36.712973686000034,36.713973686000031
1256,-72.938387527299881,-72.937387527299876,36.712973686000034,36.713973686000031
1257,-72.937387527299876,-72.936387527299871,36.712973686000034,36.713973686000031
1258,-72.936387527299871,-72.935387527299866,36.712973686000034,36.713973686000031
1259,-72.935387527299866,-72.934387527299862,36.712973686000034,36.713973686000031
1260,-72.934387527299862,-72.933387527299857,36.712973686000034,36.713973686000031
1261,-72.933387527299857,-72.932387527299852,36.712973686000034,36.713973686000031
1262,-72.932387527299852,-72.931387527299847,36.712973686000034,36.713973686000031
1263,-72.931387527299847,-72.930387527299843,36.712973686000034,36.713973686000031
1265,-72.929387527299838,-72.928387527299833,36.712973686000034,36.713973686000031
1266,-72.928387527299833,-72.927387527299828,36.712973686000034,36.713973686000031
1267,-72.927387527299828,-72.926387527299823,36.712973686000034,36.713973686000031
1268,-72.926387527299823,-72.925387527299819,36.712973686000034,36.713973686000031
1269,-72.925387527299819,-72.924387527299814,36.712973686000034,36.713973686000031
1270,-72.924387527299814,-72.923387527299809,36.712973686000034,36.713973686000031
1273,-72.921387527299800,-72.920387527299795,36.712973686000034,36.713973686000031
1295,-72.899387527299695,-72.898387527299690,36.712973686000034,36.713973686000031
1296,-72.898387527299690,-72.897387527299685,36.712973686000034,36.713973686000031
1297,-72.897387527299685,-72.896387527299680,36.712973686000034,36.713973686000031
1314,-72.880387527299604,-72.879387527299599,36.712973686000034,36.713973686000031
1326,-72.956387527299967,-72.955387527299962,36.711973686000036,36.712973686000034
1327,-72.955387527299962,-72.954387527299957,36.711973686000036,36.712973686000034
1328,-72.954387527299957,-72.953387527299952,36.711973686000036,36.712973686000034
1329,-72.953387527299952,-72.952387527299948,36.711973686000036,36.712973686000034
1330,-72.952387527299948,-72.951387527299943,36.711973686000036,36.712973686000034
1331,-72.951387527299943,-72.950387527299938,36.711973686000036,36.712973686000034
1332,-72.950387527299938,-72.949387527299933,36.711973686000036,36.712973686000034
1333,-72.949387527299933,-72.948387527299928,36.711973686000036,36.712973686000034
1334,-72.948387527299928,-72.947387527299924,36.711973686000036,36.712973686000034
1335,-72.947387527299924,-72.946387527299919,36.711973686000036,36.712973686000034
1345,-72.937387527299876,-72.936387527299871,36.711973686000036,36.712973686000034
1346,-72.936387527299871,-72.935387527299866,36.711973686000036,36.712973686000034
1347,-72.935387527299866,-72.934387527299862,36.711973686000036,36.712973686000034
1348,-72.934387527299862,-72.933387527299857,36.711973686000036,36.712973686000034
1349,-72.933387527299857,-72.932387527299852,36.711973686000036,36.712973686000034
1350,-72.932387527299852,-72.931387527299847,36.711973686000036,36.712973686000034
1351,-72.931387527299847,-72.930387527299843,36.711973686000036,36.712973686000034
1352,-72.930387527299843,-72.929387527299838,36.711973686000036,36.712973686000034
1353,-72.929387527299838,-72.928387527299833,36.711973686000036,36.712973686000034
1354,-72.928387527299833,-72.927387527299828,36.711973686000036,36.712973686000034
1355,-72.927387527299828,-72.926387527299823,36.711973686000036,36.712973686000034
1356,-72.926387527299823,-72.925387527299819,36.711973686000036,36.712973686000034
1357,-72.925387527299819,-72.924387527299814,36.711973686000036,36.712973686000034
1358,-72.924387527299814,-72.923387527299809,36.711973686000036,36.712973686000034
1361,-72.921387527299800,-72.920387527299795,36.711973686000036,36.712973686000034
1362,-72.920387527299795,-72.919387527299790,36.711973686000036,36.712973686000034
1363,-72.919387527299790,-72.918387527299785,36.711973686000036,36.712973686000034
1364,-72.918387527299785,-72.917387527299780,36.711973686000036,36.712973686000034
1384,-72.898387527299690,-72.897387527299685,36.711973686000036,36.712973686000034
1385,-72.897387527299685,-72.896387527299680,36.711973686000036,36.712973686000034
1386,-72.896387527299680,-72.895387527299675,36.711973686000036,36.712973686000034
1401,-72.881387527299609,-72.880387527299604,36.711973686000036,36.712973686000034
1402,-72.880387527299604,-72.879387527299599,36.711973686000036,36.712973686000034
1406,-72.876387527299585,-72.875387527299580,36.711973686000036,36.712973686000034
1407,-72.875387527299580,-72.874387527299575,36.711973686000036,36.712973686000034
1413,-72.957387527299971,-72.956387527299967,36.710973686000038,36.711973686000036
1414,-72.956387527299967,-72.955387527299962,36.710973686000038,36.711973686000036
1415,-72.955387527299962,-72.954387527299957,36.710973686000038,36.711973686000036
1416,-72.954387527299957,-72.953387527299952,36.710973686000038,36.711973686000036
1417,-72.953387527299952,-72.952387527299948,36.710973686000038,36.711973686000036
1418,-72.952387527299948,-72.951387527299943,36.710973686000038,36.711973686000036
1419,-72.951387527299943,-72.950387527299938,36.710973686000038,36.711973686000036
1420,-72.950387527299938,-72.949387527299933,36.710973686000038,36.711973686000036
1421,-72.949387527299933,-72.948387527299928,36.710973686000038,36.711973686000036
1430,-72.940387527299890,-72.939387527299886,36.710973686000038,36.711973686000036
1431,-72.939387527299886,-72.938387527299881,36.710973686000038,36.711973686000036
1432,-72.938387527299881,-72.937387527299876,36.710973686000038,36.711973686000036
1433,-72.937387527299876,-72.936387527299871,36.710973686000038,36.711973686000036
1434,-72.936387527299871,-72.935387527299866,36.710973686000038,36.711973686000036
1435,-72.935387527299866,-72.934387527299862,36.710973686000038,36.711973686000036
1436,-72.934387527299862,-72.933387527299857,36.710973686000038,36.711973686000036
1437,-72.933387527299857,-72.932387527299852,36.710973686000038,36.711973686000036
1438,-72.932387527299852,-72.931387527299847,36.710973686000038,36.711973686000036
1439,-72.931387527299847,-72.930387527299843,36.710973686000038,36.711973686000036
1440,-72.930387527299843,-72.929387527299838,36.710973686000038,36.711973686000036
1441,-72.929387527299838,-72.928387527299833,36.710973686000038,36.711973686000036
1442,-72.928387527299833,-72.927387527299828,36.710973686000038,36.711973686000036
1443,-72.927387527299828,-72.926387527299823,36.710973686000038,36.711973686000036
1446,-72.924387527299814,-72.923387527299809,36.710973686000038,36.711973686000036
1449,-72.921387527299800,-72.920387527299795,36.710973686000038,36.711973686000036
1450,-72.920387527299795,-72.919387527299790,36.710973686000038,36.711973686000036
1451,-72.919387527299790,-72.918387527299785,36.710973686000038,36.711973686000036
1452,-72.918387527299785,-72.917387527299780,36.710973686000038,36.711973686000036
1489,-72.881387527299609,-72.880387527299604,36.710973686000038,36.711973686000036
1490,-72.880387527299604,-72.879387527299599,36.710973686000038,36.711973686000036
1491,-72.879387527299599,-72.878387527299594,36.710973686000038,36.711973686000036
1492,-72.878387527299594,-72.877387527299589,36.710973686000038,36.711973686000036
1493,-72.877387527299589,-72.876387527299585,36.710973686000038,36.711973686000036
1494,-72.876387527299585,-72.875387527299580,36.710973686000038,36.711973686000036
1495,-72.875387527299580,-72.874387527299575,36.710973686000038,36.711973686000036
1502,-72.956387527299967,-72.955387527299962,36.709973686000041,36.710973686000038
1503,-72.955387527299962,-72.954387527299957,36.709973686000041,36.710973686000038
1504,-72.954387527299957,-72.953387527299952,36.709973686000041,36.710973686000038
1505,-72.953387527299952,-72.952387527299948,36.709973686000041,36.710973686000038
1506,-72.952387527299948,-72.951387527299943,36.709973686000041,36.710973686000038
1507,-72.951387527299943,-72.950387527299938,36.709973686000041,36.710973686000038
1508,-72.950387527299938,-72.949387527299933,36.709973686000041,36.710973686000038
1517,-72.941387527299895,-72.940387527299890,36.709973686000041,36.710973686000038
1518,-72.940387527299890,-72.939387527299886,36.709973686000041,36.710973686000038
1519,-72.939387527299886,-72.938387527299881,36.709973686000041,36.710973686000038
1520,-72.938387527299881,-72.937387527299876,36.709973686000041,36.710973686000038
1521,-72.937387527299876,-72.936387527299871,36.709973686000041,36.710973686000038
1522,-72.936387527299871,-72.935387527299866,36.709973686000041,36.710973686000038
1523,-72.935387527299866,-72.934387527299862,36.709973686000041,36.710973686000038
1524,-72.934387527299862,-72.933387527299857,36.709973686000041,36.710973686000038
1525,-72.933387527299857,-72.932387527299852,36.709973686000041,36.710973686000038
1526,-72.932387527299852,-72.931387527299847,36.709973686000041,36.710973686000038
1527,-72.931387527299847,-72.930387527299843,36.709973686000041,36.710973686000038
1528,-72.930387527299843,-72.929387527299838,36.709973686000041,36.710973686000038
1529,-72.929387527299838,-72.928387527299833,36.709973686000041,36.710973686000038
1530,-72.928387527299833,-72.927387527299828,36.709973686000041,36.710973686000038
1531,-72.927387527299828,-72.926387527299823,36.709973686000041,36.710973686000038
1533,-72.925387527299819,-72.924387527299814,36.709973686000041,36.710973686000038
1534,-72.924387527299814,-72.923387527299809,36.709973686000041,36.710973686000038
1535,-72.923387527299809,-72.922387527299804,36.709973686000041,36.710973686000038
1539,-72.919387527299790,-72.918387527299785,36.709973686000041,36.710973686000038
1540,-72.918387527299785,-72.917387527299780,36.709973686000041,36.710973686000038
1541,-72.917387527299780,-72.916387527299776,36.709973686000041,36.710973686000038
1542,-72.916387527299776,-72.915387527299771,36.709973686000041,36.710973686000038
1543,-72.915387527299771,-72.914387527299766,36.709973686000041,36.710973686000038
1544,-72.914387527299766,-72.913387527299761,36.709973686000041,36.710973686000038
1545,-72.913387527299761,-72.912387527299757,36.709973686000041,36.710973686000038
1546,-72.912387527299757,-72.911387527299752,36.709973686000041,36.710973686000038
1577,-72.881387527299609,-72.880387527299604,36.709973686000041,36.710973686000038
1578,-72.880387527299604,-72.879387527299599,36.709973686000041,36.710973686000038
1579,-72.879387527299599,-72.878387527299594,36.709973686000041,36.710973686000038
1580,-72.878387527299594,-72.877387527299589,36.709973686000041,36.710973686000038
1590,-72.956387527299967,-72.955387527299962,36.708973686000043,36.709973686000041
1591,-72.955387527299962,-72.954387527299957,36.708973686000043,36.709973686000041
1592,-72.954387527299957,-72.953387527299952,36.708973686000043,36.709973686000041
1593,-72.953387527299952,-72.952387527299948,36.708973686000043,36.709973686000041
1594,-72.952387527299948,-72.951387527299943,36.708973686000043,36.709973686000041
1605,-72.941387527299895,-72.940387527299890,36.708973686000043,36.709973686000041
1606,-72.940387527299890,-72.939387527299886,36.708973686000043,36.709973686000041
1607,-72.939387527299886,-72.938387527299881,36.708973686000043,36.709973686000041
1608,-72.938387527299881,-72.937387527299876,36.708973686000043,36.709973686000041
1609,-72.937387527299876,-72.936387527299871,36.708973686000043,36.709973686000041
1610,-72.936387527299871,-72.935387527299866,36.708973686000043,36.709973686000041
1611,-72.935387527299866,-72.934387527299862,36.708973686000043,36.709973686000041
1612,-72.934387527299862,-72.933387527299857,36.708973686000043,36.709973686000041
1613,-72.933387527299857,-72.932387527299852,36.708973686000043,36.709973686000041
1614,-72.932387527299852,-72.931387527299847,36.708973686000043,36.709973686000041
1615,-72.931387527299847,-72.930387527299843,36.708973686000043,36.709973686000041
1616,-72.930387527299843,-72.929387527299838,36.708973686000043,36.709973686000041
1617,-72.929387527299838,-72.928387527299833,36.708973686000043,36.709973686000041
1622,-72.924387527299814,-72.923387527299809,36.708973686000043,36.709973686000041
1627,-72.919387527299790,-72.918387527299785,36.708973686000043,36.709973686000041
1628,-72.918387527299785,-72.917387527299780,36.708973686000043,36.709973686000041
1629,-72.917387527299780,-72.916387527299776,36.708973686000043,36.709973686000041
1630,-72.916387527299776,-72.915387527299771,36.708973686000043,36.709973686000041
1633,-72.913387527299761,-72.912387527299757,36.708973686000043,36.709973686000041
1634,-72.912387527299757,-72.911387527299752,36.708973686000043,36.709973686000041
1655,-72.891387527299656,-72.890387527299652,36.708973686000043,36.709973686000041
1656,-72.890387527299652,-72.889387527299647,36.708973686000043,36.709973686000041
1665,-72.881387527299609,-72.880387527299604,36.708973686000043,36.709973686000041
1666,-72.880387527299604,-72.879387527299599,36.708973686000043,36.709973686000041
1678,-72.956387527299967,-72.955387527299962,36.707973686000045,36.708973686000043
1679,-72.955387527299962,-72.954387527299957,36.707973686000045,36.708973686000043
1680,-72.954387527299957,-72.953387527299952,36.707973686000045,36.708973686000043
1681,-72.953387527299952,-72.952387527299948,36.707973686000045,36.708973686000043
1682,-72.952387527299948,-72.951387527299943,36.707973686000045,36.708973686000043
1693,-72.941387527299895,-72.940387527299890,36.707973686000045,36.708973686000043
1694,-72.940387527299890,-72.939387527299886,36.707973686000045,36.708973686000043
1695,-72.939387527299886,-72.938387527299881,36.707973686000045,36.708973686000043
1696,-72.938387527299881,-72.937387527299876,36.707973686000045,36.708973686000043
1697,-72.937387527299876,-72.936387527299871,36.707973686000045,36.708973686000043
1698,-72.936387527299871,-72.935387527299866,36.707973686000045,36.708973686000043
1699,-72.935387527299866,-72.934387527299862,36.707973686000045,36.708973686000043
1700,-72.934387527299862,-72.933387527299857,36.707973686000045,36.708973686000043
1701,-72.933387527299857,-72.932387527299852,36.707973686000045,36.708973686000043
1702,-72.932387527299852,-72.931387527299847,36.707973686000045,36.708973686000043
1703,-72.931387527299847,-72.930387527299843,36.707973686000045,36.708973686000043
1704,-72.930387527299843,-72.929387527299838,36.707973686000045,36.708973686000043
1711,-72.923387527299809,-72.922387527299804,36.707973686000045,36.708973686000043
1712,-72.922387527299804,-72.921387527299800,36.707973686000045,36.708973686000043
1715,-72.919387527299790,-72.918387527299785,36.707973686000045,36.708973686000043
1716,-72.918387527299785,-72.917387527299780,36.707973686000045,36.708973686000043
1717,-72.917387527299780,-72.916387527299776,36.707973686000045,36.708973686000043
1718,-72.916387527299776,-72.915387527299771,36.707973686000045,36.708973686000043
1719,-72.915387527299771,-72.914387527299766,36.707973686000045,36.708973686000043
1720,-72.914387527299766,-72.913387527299761,36.707973686000045,36.708973686000043
1721,-72.913387527299761,-72.912387527299757,36.707973686000045,36.708973686000043
1736,-72.898387527299690,-72.897387527299685,36.707973686000045,36.708973686000043
1737,-72.897387527299685,-72.896387527299680,36.707973686000045,36.708973686000043
1744,-72.890387527299652,-72.889387527299647,36.707973686000045,36.708973686000043
1745,-72.889387527299647,-72.888387527299642,36.707973686000045,36.708973686000043
1753,-72.881387527299609,-72.880387527299604,36.707973686000045,36.708973686000043
1754,-72.880387527299604,-72.879387527299599,36.707973686000045,36.708973686000043
1757,-72.877387527299589,-72.876387527299585,36.707973686000045,36.708973686000043
1758,-72.876387527299585,-72.875387527299580,36.707973686000045,36.708973686000043
1768,-72.954387527299957,-72.953387527299952,36.706973686000048,36.707973686000045
1769,-72.953387527299952,-72.952387527299948,36.706973686000048,36.707973686000045
1781,-72.941387527299895,-72.940387527299890,36.706973686000048,36.707973686000045
1782,-72.940387527299890,-72.939387527299886,36.706973686000048,36.707973686000045
1783,-72.939387527299886,-72.938387527299881,36.706973686000048,36.707973686000045
1784,-72.938387527299881,-72.937387527299876,36.706973686000048,36.707973686000045
1785,-72.937387527299876,-72.936387527299871,36.706973686000048,36.707973686000045
1786,-72.936387527299871,-72.935387527299866,36.706973686000048,36.707973686000045
1787,-72.935387527299866,-72.934387527299862,36.706973686000048,36.707973686000045
1788,-72.934387527299862,-72.933387527299857,36.706973686000048,36.707973686000045
1789,-72.933387527299857,-72.932387527299852,36.706973686000048,36.707973686000045
1790,-72.932387527299852,-72.931387527299847,36.706973686000048,36.707973686000045
1791,-72.931387527299847,-72.930387527299843,36.706973686000048,36.707973686000045
1792,-72.930387527299843,-72.929387527299838,36.706973686000048,36.707973686000045
1797,-72.925387527299819,-72.924387527299814,36.706973686000048,36.707973686000045
1798,-72.924387527299814,-72.923387527299809,36.706973686000048,36.707973686000045
1799,-72.923387527299809,-72.922387527299804,36.706973686000048,36.707973686000045
1800,-72.922387527299804,-72.921387527299800,36.706973686000048,36.707973686000045
1801,-72.921387527299800,-72.920387527299795,36.706973686000048,36.707973686000045
1802,-72.920387527299795,-72.919387527299790,36.706973686000048,36.707973686000045
1803,-72.919387527299790,-72.918387527299785,36.706973686000048,36.707973686000045
1804,-72.918387527299785,-72.917387527299780,36.706973686000048,36.707973686000045
1807,-72.915387527299771,-72.914387527299766,36.706973686000048,36.707973686000045
1808,-72.914387527299766,-72.913387527299761,36.706973686000048,36.707973686000045
1815,-72.907387527299733,-72.906387527299728,36.706973686000048,36.707973686000045
1816,-72.906387527299728,-72.905387527299723,36.706973686000048,36.707973686000045
1817,-72.905387527299723,-72.904387527299718,36.706973686000048,36.707973686000045
1823,-72.899387527299695,-72.898387527299690,36.706973686000048,36.707973686000045
1824,-72.898387527299690,-72.897387527299685,36.706973686000048,36.707973686000045
1825,-72.897387527299685,-72.896387527299680,36.706973686000048,36.707973686000045
1829,-72.893387527299666,-72.892387527299661,36.706973686000048,36.707973686000045
1830,-72.892387527299661,-72.891387527299656,36.706973686000048,36.707973686000045
1831,-72.891387527299656,-72.890387527299652,36.706973686000048,36.707973686000045
1832,-72.890387527299652,-72.889387527299647,36.706973686000048,36.707973686000045
1833,-72.889387527299647,-72.888387527299642,36.706973686000048,36.707973686000045
1834,-72.888387527299642,-72.887387527299637,36.706973686000048,36.707973686000045
1843,-72.879387527299599,-72.878387527299594,36.706973686000048,36.707973686000045
1868,-72.942387527299900,-72.941387527299895,36.705973686000050,36.706973686000048
1869,-72.941387527299895,-72.940387527299890,36.705973686000050,36.706973686000048
1870,-72.940387527299890,-72.939387527299886,36.705973686000050,36.706973686000048
1871,-72.939387527299886,-72.938387527299881,36.705973686000050,36.706973686000048
1872,-72.938387527299881,-72.937387527299876,36.705973686000050,36.706973686000048
1873,-72.937387527299876,-72.936387527299871,36.705973686000050,36.706973686000048
1874,-72.936387527299871,-72.935387527299866,36.705973686000050,36.706973686000048
1875,-72.935387527299866,-72.934387527299862,36.705973686000050,36.706973686000048
1876,-72.934387527299862,-72.933387527299857,36.705973686000050,36.706973686000048
1877,-72.933387527299857,-72.932387527299852,36.705973686000050,36.706973686000048
1878,-72.932387527299852,-72.931387527299847,36.705973686000050,36.706973686000048
1879,-72.931387527299847,-72.930387527299843,36.705973686000050,36.706973686000048
1880,-72.930387527299843,-72.929387527299838,36.705973686000050,36.706973686000048
1881,-72.929387527299838,-72.928387527299833,36.705973686000050,36.706973686000048
1882,-72.928387527299833,-72.927387527299828,36.705973686000050,36.706973686000048
1885,-72.925387527299819,-72.924387527299814,36.705973686000050,36.706973686000048
1886,-72.924387527299814,-72.923387527299809,36.705973686000050,36.706973686000048
1887,-72.923387527299809,-72.922387527299804,36.705973686000050,36.706973686000048
1888,-72.922387527299804,-72.921387527299800,36.705973686000050,36.706973686000048
1903,-72.907387527299733,-72.906387527299728,36.705973686000050,36.706973686000048
1904,-72.906387527299728,-72.905387527299723,36.705973686000050,36.706973686000048
1905,-72.905387527299723,-72.904387527299718,36.705973686000050,36.706973686000048
1910,-72.900387527299699,-72.899387527299695,36.705973686000050,36.706973686000048
1911,-72.899387527299695,-72.898387527299690,36.705973686000050,36.706973686000048
1912,-72.898387527299690,-72.897387527299685,36.705973686000050,36.706973686000048
1917,-72.893387527299666,-72.892387527299661,36.705973686000050,36.706973686000048
1918,-72.892387527299661,-72.891387527299656,36.705973686000050,36.706973686000048
1919,-72.891387527299656,-72.890387527299652,36.705973686000050,36.706973686000048
1921,-72.889387527299647,-72.888387527299642,36.705973686000050,36.706973686000048
1922,-72.888387527299642,-72.887387527299637,36.705973686000050,36.706973686000048
1955,-72.943387527299905,-72.942387527299900,36.704973686000052,36.705973686000050
1956,-72.942387527299900,-72.941387527299895,36.704973686000052,36.705973686000050
1957,-72.941387527299895,-72.940387527299890,36.704973686000052,36.705973686000050
1958,-72.940387527299890,-72.939387527299886,36.704973686000052,36.705973686000050
1959,-72.939387527299886,-72.938387527299881,36.704973686000052,36.705973686000050
1960,-72.938387527299881,-72.937387527299876,36.704973686000052,36.705973686000050
1961,-72.937387527299876,-72.936387527299871,36.704973686000052,36.705973686000050
1962,-72.936387527299871,-72.935387527299866,36.704973686000052,36.705973686000050
1963,-72.935387527299866,-72.934387527299862,36.704973686000052,36.705973686000050
1964,-72.934387527299862,-72.933387527299857,36.704973686000052,36.705973686000050
1965,-72.933387527299857,-72.932387527299852,36.704973686000052,36.705973686000050
1966,-72.932387527299852,-72.931387527299847,36.704973686000052,36.705973686000050
1967,-72.931387527299847,-72.930387527299843,36.704973686000052,36.705973686000050
1968,-72.930387527299843,-72.929387527299838,36.704973686000052,36.705973686000050
1969,-72.929387527299838,-72.928387527299833,36.704973686000052,36.705973686000050
1974,-72.924387527299814,-72.923387527299809,36.704973686000052,36.705973686000050
1975,-72.923387527299809,-72.922387527299804,36.704973686000052,36.705973686000050
1976,-72.922387527299804,-72.921387527299800,36.704973686000052,36.705973686000050
1977,-72.921387527299800,-72.920387527299795,36.704973686000052,36.705973686000050
1987,-72.911387527299752,-72.910387527299747,36.704973686000052,36.705973686000050
1988,-72.910387527299747,-72.909387527299742,36.704973686000052,36.705973686000050
1989,-72.909387527299742,-72.908387527299737,36.704973686000052,36.705973686000050
1992,-72.906387527299728,-72.905387527299723,36.704973686000052,36.705973686000050
1993,-72.905387527299723,-72.904387527299718,36.704973686000052,36.705973686000050
1997,-72.901387527299704,-72.900387527299699,36.704973686000052,36.705973686000050
1998,-72.900387527299699,-72.899387527299695,36.704973686000052,36.705973686000050
1999,-72.899387527299695,-72.898387527299690,36.704973686000052,36.705973686000050
2000,-72.898387527299690,-72.897387527299685,36.704973686000052,36.705973686000050
2008,-72.890387527299652,-72.889387527299647,36.704973686000052,36.705973686000050
2009,-72.889387527299647,-72.888387527299642,36.704973686000052,36.705973686000050
2042,-72.944387527299909,-72.943387527299905,36.703973686000054,36.704973686000052
2043,-72.943387527299905,-72.942387527299900,36.703973686000054,36.704973686000052
2044,-72.942387527299900,-72.941387527299895,36.703973686000054,36.704973686000052
2046,-72.940387527299890,-72.939387527299886,36.703973686000054,36.704973686000052
2047,-72.939387527299886,-72.938387527299881,36.703973686000054,36.704973686000052
2048,-72.938387527299881,-72.937387527299876,36.703973686000054,36.704973686000052
2049,-72.937387527299876,-72.936387527299871,36.703973686000054,36.704973686000052
2050,-72.936387527299871,-72.935387527299866,36.703973686000054,36.704973686000052
2051,-72.935387527299866,-72.934387527299862,36.703973686000054,36.704973686000052
2052,-72.934387527299862,-72.933387527299857,36.703973686000054,36.704973686000052
2053,-72.933387527299857,-72.932387527299852,36.703973686000054,36.704973686000052
2054,-72.932387527299852,-72.931387527299847,36.703973686000054,36.704973686000052
2056,-72.930387527299843,-72.929387527299838,36.703973686000054,36.704973686000052
2057,-72.929387527299838,-72.928387527299833,36.703973686000054,36.704973686000052
2058,-72.928387527299833,-72.927387527299828,36.703973686000054,36.704973686000052
2060,-72.926387527299823,-72.925387527299819,36.703973686000054,36.704973686000052
2062,-72.924387527299814,-72.923387527299809,36.703973686000054,36.704973686000052
2063,-72.923387527299809,-72.922387527299804,36.703973686000054,36.704973686000052
2064,-72.922387527299804,-72.921387527299800,36.703973686000054,36.704973686000052
2065,-72.921387527299800,-72.920387527299795,36.703973686000054,36.704973686000052
2066,-72.920387527299795,-72.919387527299790,36.703973686000054,36.704973686000052
2074,-72.912387527299757,-72.911387527299752,36.703973686000054,36.704973686000052
2075,-72.911387527299752,-72.910387527299747,36.703973686000054,36.704973686000052
2076,-72.910387527299747,-72.909387527299742,36.703973686000054,36.704973686000052
2077,-72.909387527299742,-72.908387527299737,36.703973686000054,36.704973686000052
2080,-72.906387527299728,-72.905387527299723,36.703973686000054,36.704973686000052
2081,-72.905387527299723,-72.904387527299718,36.703973686000054,36.704973686000052
2085,-72.901387527299704,-72.900387527299699,36.703973686000054,36.704973686000052
2086,-72.900387527299699,-72.899387527299695,36.703973686000054,36.704973686000052
2087,-72.899387527299695,-72.898387527299690,36.703973686000054,36.704973686000052
2096,-72.890387527299652,-72.889387527299647,36.703973686000054,36.704973686000052
2097,-72.889387527299647,-72.888387527299642,36.703973686000054,36.704973686000052
2129,-72.945387527299914,-72.944387527299909,36.702973686000057,36.703973686000054
2130,-72.944387527299909,-72.943387527299905,36.702973686000057,36.703973686000054
2131,-72.943387527299905,-72.942387527299900,36.702973686000057,36.703973686000054
2132,-72.942387527299900,-72.941387527299895,36.702973686000057,36.703973686000054
2134,-72.940387527299890,-72.939387527299886,36.702973686000057,36.703973686000054
2135,-72.939387527299886,-72.938387527299881,36.702973686000057,36.703973686000054
2136,-72.938387527299881,-72.937387527299876,36.702973686000057,36.703973686000054
2138,-72.936387527299871,-72.935387527299866,36.702973686000057,36.703973686000054
2139,-72.935387527299866,-72.934387527299862,36.702973686000057,36.703973686000054
2140,-72.934387527299862,-72.933387527299857,36.702973686000057,36.703973686000054
2141,-72.933387527299857,-72.932387527299852,36.702973686000057,36.703973686000054
2142,-72.932387527299852,-72.931387527299847,36.702973686000057,36.703973686000054
2143,-72.931387527299847,-72.930387527299843,36.702973686000057,36.703973686000054
2144,-72.930387527299843,-72.929387527299838,36.702973686000057,36.703973686000054
2145,-72.929387527299838,-72.928387527299833,36.702973686000057,36.703973686000054
2146,-72.928387527299833,-72.927387527299828,36.702973686000057,36.703973686000054
2147,-72.927387527299828,-72.926387527299823,36.702973686000057,36.703973686000054
2149,-72.925387527299819,-72.924387527299814,36.702973686000057,36.703973686000054
2152,-72.922387527299804,-72.921387527299800,36.702973686000057,36.703973686000054
2153,-72.921387527299800,-72.920387527299795,36.702973686000057,36.703973686000054
2154,-72.920387527299795,-72.919387527299790,36.702973686000057,36.703973686000054
2155,-72.919387527299790,-72.918387527299785,36.702973686000057,36.703973686000054
2156,-72.918387527299785,-72.917387527299780,36.702973686000057,36.703973686000054
2160,-72.914387527299766,-72.913387527299761,36.702973686000057,36.703973686000054
2161,-72.913387527299761,-72.912387527299757,36.702973686000057,36.703973686000054
2162,-72.912387527299757,-72.911387527299752,36.702973686000057,36.703973686000054
2163,-72.911387527299752,-72.910387527299747,36.702973686000057,36.703973686000054
2172,-72.902387527299709,-72.901387527299704,36.702973686000057,36.703973686000054
2173,-72.901387527299704,-72.900387527299699,36.702973686000057,36.703973686000054
2174,-72.900387527299699,-72.899387527299695,36.702973686000057,36.703973686000054
2178,-72.896387527299680,-72.895387527299675,36.702973686000057,36.703973686000054
2216,-72.946387527299919,-72.945387527299914,36.701973686000059,36.702973686000057
2217,-72.945387527299914,-72.944387527299909,36.701973686000059,36.702973686000057
2218,-72.944387527299909,-72.943387527299905,36.701973686000059,36.702973686000057
2219,-72.943387527299905,-72.942387527299900,36.701973686000059,36.702973686000057
2220,-72.942387527299900,-72.941387527299895,36.701973686000059,36.702973686000057
2221,-72.941387527299895,-72.940387527299890,36.701973686000059,36.702973686000057
2223,-72.939387527299886,-72.938387527299881,36.701973686000059,36.702973686000057
2224,-72.938387527299881,-72.937387527299876,36.701973686000059,36.702973686000057
2225,-72.937387527299876,-72.936387527299871,36.701973686000059,36.702973686000057
2226,-72.936387527299871,-72.935387527299866,36.701973686000059,36.702973686000057
2227,-72.935387527299866,-72.934387527299862,36.701973686000059,36.702973686000057
2228,-72.934387527299862,-72.933387527299857,36.701973686000059,36.702973686000057
2229,-72.933387527299857,-72.932387527299852,36.701973686000059,36.702973686000057
2230,-72.932387527299852,-72.931387527299847,36.701973686000059,36.702973686000057
2231,-72.931387527299847,-72.930387527299843,36.701973686000059,36.702973686000057
2232,-72.930387527299843,-72.929387527299838,36.701973686000059,36.702973686000057
2236,-72.926387527299823,-72.925387527299819,36.701973686000059,36.702973686000057
2237,-72.925387527299819,-72.924387527299814,36.701973686000059,36.702973686000057
2239,-72.923387527299809,-72.922387527299804,36.701973686000059,36.702973686000057
2240,-72.922387527299804,-72.921387527299800,36.701973686000059,36.702973686000057
2241,-72.921387527299800,-72.920387527299795,36.701973686000059,36.702973686000057
2242,-72.920387527299795,-72.919387527299790,36.701973686000059,36.702973686000057
2243,-72.919387527299790,-72.918387527299785,36.701973686000059,36.702973686000057
2244,-72.918387527299785,-72.917387527299780,36.701973686000059,36.702973686000057
2248,-72.914387527299766,-72.913387527299761,36.701973686000059,36.702973686000057
2249,-72.913387527299761,-72.912387527299757,36.701973686000059,36.702973686000057
2250,-72.912387527299757,-72.911387527299752,36.701973686000059,36.702973686000057
2259,-72.903387527299714,-72.902387527299709,36.701973686000059,36.702973686000057
2260,-72.902387527299709,-72.901387527299704,36.701973686000059,36.702973686000057
2261,-72.901387527299704,-72.900387527299699,36.701973686000059,36.702973686000057
2262,-72.900387527299699,-72.899387527299695,36.701973686000059,36.702973686000057
2265,-72.897387527299685,-72.896387527299680,36.701973686000059,36.702973686000057
2266,-72.896387527299680,-72.895387527299675,36.701973686000059,36.702973686000057
2267,-72.895387527299675,-72.894387527299671,36.701973686000059,36.702973686000057
2306,-72.944387527299909,-72.943387527299905,36.700973686000061,36.701973686000059
2307,-72.943387527299905,-72.942387527299900,36.700973686000061,36.701973686000059
2308,-72.942387527299900,-72.941387527299895,36.700973686000061,36.701973686000059
2309,-72.941387527299895,-72.940387527299890,36.700973686000061,36.701973686000059
2310,-72.940387527299890,-72.939387527299886,36.700973686000061,36.701973686000059
2311,-72.939387527299886,-72.938387527299881,36.700973686000061,36.701973686000059
2312,-72.938387527299881,-72.937387527299876,36.700973686000061,36.701973686000059
2313,-72.937387527299876,-72.936387527299871,36.700973686000061,36.701973686000059
2314,-72.936387527299871,-72.935387527299866,36.700973686000061,36.701973686000059
2315,-72.935387527299866,-72.934387527299862,36.700973686000061,36.701973686000059
2317,-72.933387527299857,-72.932387527299852,36.700973686000061,36.701973686000059
2318,-72.932387527299852,-72.931387527299847,36.700973686000061,36.701973686000059
2319,-72.931387527299847,-72.930387527299843,36.700973686000061,36.701973686000059
2320,-72.930387527299843,-72.929387527299838,36.700973686000061,36.701973686000059
2321,-72.929387527299838,-72.928387527299833,36.700973686000061,36.701973686000059
2322,-72.928387527299833,-72.927387527299828,36.700973686000061,36.701973686000059
2323,-72.927387527299828,-72.926387527299823,36.700973686000061,36.701973686000059
2324,-72.926387527299823,-72.925387527299819,36.700973686000061,36.701973686000059
2326,-72.924387527299814,-72.923387527299809,36.700973686000061,36.701973686000059
2327,-72.923387527299809,-72.922387527299804,36.700973686000061,36.701973686000059
2328,-72.922387527299804,-72.921387527299800,36.700973686000061,36.701973686000059
2329,-72.921387527299800,-72.920387527299795,36.700973686000061,36.701973686000059
2330,-72.920387527299795,-72.919387527299790,36.700973686000061,36.701973686000059
2331,-72.919387527299790,-72.918387527299785,36.700973686000061,36.701973686000059
2336,-72.914387527299766,-72.913387527299761,36.700973686000061,36.701973686000059
2337,-72.913387527299761,-72.912387527299757,36.700973686000061,36.701973686000059
2338,-72.912387527299757,-72.911387527299752,36.700973686000061,36.701973686000059
2347,-72.903387527299714,-72.902387527299709,36.700973686000061,36.701973686000059
2348,-72.902387527299709,-72.901387527299704,36.700973686000061,36.701973686000059
2353,-72.897387527299685,-72.896387527299680,36.700973686000061,36.701973686000059
2391,-72.947387527299924,-72.946387527299919,36.699973686000064,36.700973686000061
2392,-72.946387527299919,-72.945387527299914,36.699973686000064,36.700973686000061
2393,-72.945387527299914,-72.944387527299909,36.699973686000064,36.700973686000061
2394,-72.944387527299909,-72.943387527299905,36.699973686000064,36.700973686000061
2395,-72.943387527299905,-72.942387527299900,36.699973686000064,36.700973686000061
2396,-72.942387527299900,-72.941387527299895,36.699973686000064,36.700973686000061
2397,-72.941387527299895,-72.940387527299890,36.699973686000064,36.700973686000061
2398,-72.940387527299890,-72.939387527299886,36.699973686000064,36.700973686000061
2399,-72.939387527299886,-72.938387527299881,36.699973686000064,36.700973686000061
2400,-72.938387527299881,-72.937387527299876,36.699973686000064,36.700973686000061
2401,-72.937387527299876,-72.936387527299871,36.699973686000064,36.700973686000061
2402,-72.936387527299871,-72.935387527299866,36.699973686000064,36.700973686000061
2403,-72.935387527299866,-72.934387527299862,36.699973686000064,36.700973686000061
2404,-72.934387527299862,-72.933387527299857,36.699973686000064,36.700973686000061
2405,-72.933387527299857,-72.932387527299852,36.699973686000064,36.700973686000061
2406,-72.932387527299852,-72.931387527299847,36.699973686000064,36.700973686000061
2407,-72.931387527299847,-72.930387527299843,36.699973686000064,36.700973686000061
2408,-72.930387527299843,-72.929387527299838,36.699973686000064,36.700973686000061
2409,-72.929387527299838,-72.928387527299833,36.699973686000064,36.700973686000061
2410,-72.928387527299833,-72.927387527299828,36.699973686000064,36.700973686000061
2411,-72.927387527299828,-72.926387527299823,36.699973686000064,36.700973686000061
2412,-72.926387527299823,-72.925387527299819,36.699973686000064,36.700973686000061
2414,-72.924387527299814,-72.923387527299809,36.699973686000064,36.700973686000061
2415,-72.923387527299809,-72.922387527299804,36.699973686000064,36.700973686000061
2416,-72.922387527299804,-72.921387527299800,36.699973686000064,36.700973686000061
2430,-72.908387527299737,-72.907387527299733,36.699973686000064,36.700973686000061
2431,-72.907387527299733,-72.906387527299728,36.699973686000064,36.700973686000061
2432,-72.906387527299728,-72.905387527299723,36.699973686000064,36.700973686000061
2478,-72.948387527299928,-72.947387527299924,36.698973686000066,36.699973686000064
2479,-72.947387527299924,-72.946387527299919,36.698973686000066,36.699973686000064
2480,-72.946387527299919,-72.945387527299914,36.698973686000066,36.699973686000064
2481,-72.945387527299914,-72.944387527299909,36.698973686000066,36.699973686000064
2482,-72.944387527299909,-72.943387527299905,36.698973686000066,36.699973686000064
2483,-72.943387527299905,-72.942387527299900,36.698973686000066,36.699973686000064
2484,-72.942387527299900,-72.941387527299895,36.698973686000066,36.699973686000064
2485,-72.941387527299895,-72.940387527299890,36.698973686000066,36.699973686000064
2486,-72.940387527299890,-72.939387527299886,36.698973686000066,36.699973686000064
2487,-72.939387527299886,-72.938387527299881,36.698973686000066,36.699973686000064
2488,-72.938387527299881,-72.937387527299876,36.698973686000066,36.699973686000064
2489,-72.937387527299876,-72.936387527299871,36.698973686000066,36.699973686000064
2490,-72.936387527299871,-72.935387527299866,36.698973686000066,36.699973686000064
2491,-72.935387527299866,-72.934387527299862,36.698973686000066,36.699973686000064
2492,-72.934387527299862,-72.933387527299857,36.698973686000066,36.699973686000064
2493,-72.933387527299857,-72.932387527299852,36.698973686000066,36.699973686000064
2494,-72.932387527299852,-72.931387527299847,36.698973686000066,36.699973686000064
2495,-72.931387527299847,-72.930387527299843,36.698973686000066,36.699973686000064
2496,-72.930387527299843,-72.929387527299838,36.698973686000066,36.699973686000064
2497,-72.929387527299838,-72.928387527299833,36.698973686000066,36.699973686000064
2498,-72.928387527299833,-72.927387527299828,36.698973686000066,36.699973686000064
2499,-72.927387527299828,-72.926387527299823,36.698973686000066,36.699973686000064
2500,-72.926387527299823,-72.925387527299819,36.698973686000066,36.699973686000064
2503,-72.923387527299809,-72.922387527299804,36.698973686000066,36.699973686000064
2504,-72.922387527299804,-72.921387527299800,36.698973686000066,36.699973686000064
2514,-72.912387527299757,-72.911387527299752,36.698973686000066,36.699973686000064
2515,-72.911387527299752,-72.910387527299747,36.698973686000066,36.699973686000064
2516,-72.910387527299747,-72.909387527299742,36.698973686000066,36.699973686000064
2517,-72.909387527299742,-72.908387527299737,36.698973686000066,36.699973686000064
2518,-72.908387527299737,-72.907387527299733,36.698973686000066,36.699973686000064
2519,-72.907387527299733,-72.906387527299728,36.698973686000066,36.699973686000064
2520,-72.906387527299728,-72.905387527299723,36.698973686000066,36.699973686000064
2557,-72.957387527299971,-72.956387527299967,36.697973686000068,36.698973686000066
2558,-72.956387527299967,-72.955387527299962,36.697973686000068,36.698973686000066
2559,-72.955387527299962,-72.954387527299957,36.697973686000068,36.698973686000066
2560,-72.954387527299957,-72.953387527299952,36.697973686000068,36.698973686000066
2566,-72.948387527299928,-72.947387527299924,36.697973686000068,36.698973686000066
2567,-72.947387527299924,-72.946387527299919,36.697973686000068,36.698973686000066
2568,-72.946387527299919,-72.945387527299914,36.697973686000068,36.698973686000066
2569,-72.945387527299914,-72.944387527299909,36.697973686000068,36.698973686000066
2570,-72.944387527299909,-72.943387527299905,36.697973686000068,36.698973686000066
2571,-72.943387527299905,-72.942387527299900,36.697973686000068,36.698973686000066
2572,-72.942387527299900,-72.941387527299895,36.697973686000068,36.698973686000066
2573,-72.941387527299895,-72.940387527299890,36.697973686000068,36.698973686000066
2574,-72.940387527299890,-72.939387527299886,36.697973686000068,36.698973686000066
2575,-72.939387527299886,-72.938387527299881,36.697973686000068,36.698973686000066
2576,-72.938387527299881,-72.937387527299876,36.697973686000068,36.698973686000066
2577,-72.937387527299876,-72.936387527299871,36.697973686000068,36.698973686000066
2578,-72.936387527299871,-72.935387527299866,36.697973686000068,36.698973686000066
2579,-72.935387527299866,-72.934387527299862,36.697973686000068,36.698973686000066
2580,-72.934387527299862,-72.933387527299857,36.697973686000068,36.698973686000066
2581,-72.933387527299857,-72.932387527299852,36.697973686000068,36.698973686000066
2582,-72.932387527299852,-72.931387527299847,36.697973686000068,36.698973686000066
2583,-72.931387527299847,-72.930387527299843,36.697973686000068,36.698973686000066
2584,-72.930387527299843,-72.929387527299838,36.697973686000068,36.698973686000066
2586,-72.928387527299833,-72.927387527299828,36.697973686000068,36.698973686000066
2587,-72.927387527299828,-72.926387527299823,36.697973686000068,36.698973686000066
2590,-72.924387527299814,-72.923387527299809,36.697973686000068,36.698973686000066
2591,-72.923387527299809,-72.922387527299804,36.697973686000068,36.698973686000066
2592,-72.922387527299804,-72.921387527299800,36.697973686000068,36.698973686000066
2644,-72.958387527299976,-72.957387527299971,36.696973686000071,36.697973686000068
2645,-72.957387527299971,-72.956387527299967,36.696973686000071,36.697973686000068
2646,-72.956387527299967,-72.955387527299962,36.696973686000071,36.697973686000068
2647,-72.955387527299962,-72.954387527299957,36.696973686000071,36.697973686000068
2648,-72.954387527299957,-72.953387527299952,36.696973686000071,36.697973686000068
2652,-72.950387527299938,-72.949387527299933,36.696973686000071,36.697973686000068
2653,-72.949387527299933,-72.948387527299928,36.696973686000071,36.697973686000068
2654,-72.948387527299928,-72.947387527299924,36.696973686000071,36.697973686000068
2655,-72.947387527299924,-72.946387527299919,36.696973686000071,36.697973686000068
2656,-72.946387527299919,-72.945387527299914,36.696973686000071,36.697973686000068
2657,-72.945387527299914,-72.944387527299909,36.696973686000071,36.697973686000068
2658,-72.944387527299909,-72.943387527299905,36.696973686000071,36.697973686000068
2659,-72.943387527299905,-72.942387527299900,36.696973686000071,36.697973686000068
2660,-72.942387527299900,-72.941387527299895,36.696973686000071,36.697973686000068
2661,-72.941387527299895,-72.940387527299890,36.696973686000071,36.697973686000068
2662,-72.940387527299890,-72.939387527299886,36.696973686000071,36.697973686000068
2663,-72.939387527299886,-72.938387527299881,36.696973686000071,36.697973686000068
2664,-72.938387527299881,-72.937387527299876,36.696973686000071,36.697973686000068
2665,-72.937387527299876,-72.936387527299871,36.696973686000071,36.697973686000068
2666,-72.936387527299871,-72.935387527299866,36.696973686000071,36.697973686000068
2667,-72.935387527299866,-72.934387527299862,36.696973686000071,36.697973686000068
2668,-72.934387527299862,-72.933387527299857,36.696973686000071,36.697973686000068
2669,-72.933387527299857,-72.932387527299852,36.696973686000071,36.697973686000068
2671,-72.931387527299847,-72.930387527299843,36.696973686000071,36.697973686000068
2672,-72.930387527299843,-72.929387527299838,36.696973686000071,36.697973686000068
2673,-72.929387527299838,-72.928387527299833,36.696973686000071,36.697973686000068
2674,-72.928387527299833,-72.927387527299828,36.696973686000071,36.697973686000068
2675,-72.927387527299828,-72.926387527299823,36.696973686000071,36.697973686000068
2676,-72.926387527299823,-72.925387527299819,36.696973686000071,36.697973686000068
2678,-72.924387527299814,-72.923387527299809,36.696973686000071,36.697973686000068
2679,-72.923387527299809,-72.922387527299804,36.696973686000071,36.697973686000068
2680,-72.922387527299804,-72.921387527299800,36.696973686000071,36.697973686000068
2731,-72.959387527299981,-72.958387527299976,36.695973686000073,36.696973686000071
2732,-72.958387527299976,-72.957387527299971,36.695973686000073,36.696973686000071
2733,-72.957387527299971,-72.956387527299967,36.695973686000073,36.696973686000071
2734,-72.956387527299967,-72.955387527299962,36.695973686000073,36.696973686000071
2735,-72.955387527299962,-72.954387527299957,36.695973686000073,36.696973686000071
2736,-72.954387527299957,-72.953387527299952,36.695973686000073,36.696973686000071
2737,-72.953387527299952,-72.952387527299948,36.695973686000073,36.696973686000071
2738,-72.952387527299948,-72.951387527299943,36.695973686000073,36.696973686000071
2739,-72.951387527299943,-72.950387527299938,36.695973686000073,36.696973686000071
2740,-72.950387527299938,-72.949387527299933,36.695973686000073,36.696973686000071
2741,-72.949387527299933,-72.948387527299928,36.695973686000073,36.696973686000071
2742,-72.948387527299928,-72.947387527299924,36.695973686000073,36.696973686000071
2743,-72.947387527299924,-72.946387527299919,36.695973686000073,36.696973686000071
2744,-72.946387527299919,-72.945387527299914,36.695973686000073,36.696973686000071
2745,-72.945387527299914,-72.944387527299909,36.695973686000073,36.696973686000071
2746,-72.944387527299909,-72.943387527299905,36.695973686000073,36.696973686000071
2747,-72.943387527299905,-72.942387527299900,36.695973686000073,36.696973686000071
2748,-72.942387527299900,-72.941387527299895,36.695973686000073,36.696973686000071
2749,-72.941387527299895,-72.940387527299890,36.695973686000073,36.696973686000071
2750,-72.940387527299890,-72.939387527299886,36.695973686000073,36.696973686000071
2751,-72.939387527299886,-72.938387527299881,36.695973686000073,36.696973686000071
2752,-72.938387527299881,-72.937387527299876,36.695973686000073,36.696973686000071
2753,-72.937387527299876,-72.936387527299871,36.695973686000073,36.696973686000071
2754,-72.936387527299871,-72.935387527299866,36.695973686000073,36.696973686000071
2755,-72.935387527299866,-72.934387527299862,36.695973686000073,36.696973686000071
2756,-72.934387527299862,-72.933387527299857,36.695973686000073,36.696973686000071
2757,-72.933387527299857,-72.932387527299852,36.695973686000073,36.696973686000071
2758,-72.932387527299852,-72.931387527299847,36.695973686000073,36.696973686000071
2759,-72.931387527299847,-72.930387527299843,36.695973686000073,36.696973686000071
2760,-72.930387527299843,-72.929387527299838,36.695973686000073,36.696973686000071
2761,-72.929387527299838,-72.928387527299833,36.695973686000073,36.696973686000071
2762,-72.928387527299833,-72.927387527299828,36.695973686000073,36.696973686000071
2764,-72.926387527299823,-72.925387527299819,36.695973686000073,36.696973686000071
2765,-72.925387527299819,-72.924387527299814,36.695973686000073,36.696973686000071
2766,-72.924387527299814,-72.923387527299809,36.695973686000073,36.696973686000071
2767,-72.923387527299809,-72.922387527299804,36.695973686000073,36.696973686000071
2768,-72.922387527299804,-72.921387527299800,36.695973686000073,36.696973686000071
2769,-72.921387527299800,-72.920387527299795,36.695973686000073,36.696973686000071
2818,-72.960387527299986,-72.959387527299981,36.694973686000075,36.695973686000073
2819,-72.959387527299981,-72.958387527299976,36.694973686000075,36.695973686000073
2820,-72.958387527299976,-72.957387527299971,36.694973686000075,36.695973686000073
2821,-72.957387527299971,-72.956387527299967,36.694973686000075,36.695973686000073
2822,-72.956387527299967,-72.955387527299962,36.694973686000075,36.695973686000073
2823,-72.955387527299962,-72.954387527299957,36.694973686000075,36.695973686000073
2824,-72.954387527299957,-72.953387527299952,36.694973686000075,36.695973686000073
2826,-72.952387527299948,-72.951387527299943,36.694973686000075,36.695973686000073
2828,-72.950387527299938,-72.949387527299933,36.694973686000075,36.695973686000073
2832,-72.946387527299919,-72.945387527299914,36.694973686000075,36.695973686000073
2833,-72.945387527299914,-72.944387527299909,36.694973686000075,36.695973686000073
2834,-72.944387527299909,-72.943387527299905,36.694973686000075,36.695973686000073
2836,-72.942387527299900,-72.941387527299895,36.694973686000075,36.695973686000073
2837,-72.941387527299895,-72.940387527299890,36.694973686000075,36.695973686000073
2838,-72.940387527299890,-72.939387527299886,36.694973686000075,36.695973686000073
2839,-72.939387527299886,-72.938387527299881,36.694973686000075,36.695973686000073
2840,-72.938387527299881,-72.937387527299876,36.694973686000075,36.695973686000073
2841,-72.937387527299876,-72.936387527299871,36.694973686000075,36.695973686000073
2842,-72.936387527299871,-72.935387527299866,36.694973686000075,36.695973686000073
2843,-72.935387527299866,-72.934387527299862,36.694973686000075,36.695973686000073
2844,-72.934387527299862,-72.933387527299857,36.694973686000075,36.695973686000073
2845,-72.933387527299857,-72.932387527299852,36.694973686000075,36.695973686000073
2846,-72.932387527299852,-72.931387527299847,36.694973686000075,36.695973686000073
2847,-72.931387527299847,-72.930387527299843,36.694973686000075,36.695973686000073
2848,-72.930387527299843,-72.929387527299838,36.694973686000075,36.695973686000073
2849,-72.929387527299838,-72.928387527299833,36.694973686000075,36.695973686000073
2850,-72.928387527299833,-72.927387527299828,36.694973686000075,36.695973686000073
2851,-72.927387527299828,-72.926387527299823,36.694973686000075,36.695973686000073
2852,-72.926387527299823,-72.925387527299819,36.694973686000075,36.695973686000073
2853,-72.925387527299819,-72.924387527299814,36.694973686000075,36.695973686000073
2855,-72.923387527299809,-72.922387527299804,36.694973686000075,36.695973686000073
2856,-72.922387527299804,-72.921387527299800,36.694973686000075,36.695973686000073
2857,-72.921387527299800,-72.920387527299795,36.694973686000075,36.695973686000073
2858,-72.920387527299795,-72.919387527299790,36.694973686000075,36.695973686000073
2905,-72.961387527299991,-72.960387527299986,36.693973686000078,36.694973686000075
2906,-72.960387527299986,-72.959387527299981,36.693973686000078,36.694973686000075
2907,-72.959387527299981,-72.958387527299976,36.693973686000078,36.694973686000075
2908,-72.958387527299976,-72.957387527299971,36.693973686000078,36.694973686000075
2909,-72.957387527299971,-72.956387527299967,36.693973686000078,36.694973686000075
2910,-72.956387527299967,-72.955387527299962,36.693973686000078,36.694973686000075
2915,-72.951387527299943,-72.950387527299938,36.693973686000078,36.694973686000075
2916,-72.950387527299938,-72.949387527299933,36.693973686000078,36.694973686000075
2919,-72.947387527299924,-72.946387527299919,36.693973686000078,36.694973686000075
2921,-72.945387527299914,-72.944387527299909,36.693973686000078,36.694973686000075
2922,-72.944387527299909,-72.943387527299905,36.693973686000078,36.694973686000075
2923,-72.943387527299905,-72.942387527299900,36.693973686000078,36.694973686000075
2924,-72.942387527299900,-72.941387527299895,36.693973686000078,36.694973686000075
2925,-72.941387527299895,-72.940387527299890,36.693973686000078,36.694973686000075
2926,-72.940387527299890,-72.939387527299886,36.693973686000078,36.694973686000075
2927,-72.939387527299886,-72.938387527299881,36.693973686000078,36.694973686000075
2928,-72.938387527299881,-72.937387527299876,36.693973686000078,36.694973686000075
2929,-72.937387527299876,-72.936387527299871,36.693973686000078,36.694973686000075
2930,-72.936387527299871,-72.935387527299866,36.693973686000078,36.694973686000075
2931,-72.935387527299866,-72.934387527299862,36.693973686000078,36.694973686000075
2932,-72.934387527299862,-72.933387527299857,36.693973686000078,36.694973686000075
2934,-72.932387527299852,-72.931387527299847,36.693973686000078,36.694973686000075
2936,-72.930387527299843,-72.929387527299838,36.693973686000078,36.694973686000075
2937,-72.929387527299838,-72.928387527299833,36.693973686000078,36.694973686000075
2939,-72.927387527299828,-72.926387527299823,36.693973686000078,36.694973686000075
2940,-72.926387527299823,-72.925387527299819,36.693973686000078,36.694973686000075
2944,-72.922387527299804,-72.921387527299800,36.693973686000078,36.694973686000075
2945,-72.921387527299800,-72.920387527299795,36.693973686000078,36.694973686000075
2946,-72.920387527299795,-72.919387527299790,36.693973686000078,36.694973686000075
2992,-72.962387527299995,-72.961387527299991,36.692973686000080,36.693973686000078
2993,-72.961387527299991,-72.960387527299986,36.692973686000080,36.693973686000078
2994,-72.960387527299986,-72.959387527299981,36.692973686000080,36.693973686000078
2995,-72.959387527299981,-72.958387527299976,36.692973686000080,36.693973686000078
2996,-72.958387527299976,-72.957387527299971,36.692973686000080,36.693973686000078
2997,-72.957387527299971,-72.956387527299967,36.692973686000080,36.693973686000078
3002,-72.952387527299948,-72.951387527299943,36.692973686000080,36.693973686000078
3003,-72.951387527299943,-72.950387527299938,36.692973686000080,36.693973686000078
3004,-72.950387527299938,-72.949387527299933,36.692973686000080,36.693973686000078
3009,-72.945387527299914,-72.944387527299909,36.692973686000080,36.693973686000078
3012,-72.942387527299900,-72.941387527299895,36.692973686000080,36.693973686000078
3013,-72.941387527299895,-72.940387527299890,36.692973686000080,36.693973686000078
3014,-72.940387527299890,-72.939387527299886,36.692973686000080,36.693973686000078
3015,-72.939387527299886,-72.938387527299881,36.692973686000080,36.693973686000078
3016,-72.938387527299881,-72.937387527299876,36.692973686000080,36.693973686000078
3017,-72.937387527299876,-72.936387527299871,36.692973686000080,36.693973686000078
3018,-72.936387527299871,-72.935387527299866,36.692973686000080,36.693973686000078
3019,-72.935387527299866,-72.934387527299862,36.692973686000080,36.693973686000078
3021,-72.933387527299857,-72.932387527299852,36.692973686000080,36.693973686000078
3023,-72.931387527299847,-72.930387527299843,36.692973686000080,36.693973686000078
3024,-72.930387527299843,-72.929387527299838,36.692973686000080,36.693973686000078
3025,-72.929387527299838,-72.928387527299833,36.692973686000080,36.693973686000078
3026,-72.928387527299833,-72.927387527299828,36.692973686000080,36.693973686000078
3031,-72.923387527299809,-72.922387527299804,36.692973686000080,36.693973686000078
3032,-72.922387527299804,-72.921387527299800,36.692973686000080,36.693973686000078
3033,-72.921387527299800,-72.920387527299795,36.692973686000080,36.693973686000078
3034,-72.920387527299795,-72.919387527299790,36.692973686000080,36.693973686000078
3080,-72.962387527299995,-72.961387527299991,36.691973686000082,36.692973686000080
3081,-72.961387527299991,-72.960387527299986,36.691973686000082,36.692973686000080
3082,-72.960387527299986,-72.959387527299981,36.691973686000082,36.692973686000080
3083,-72.959387527299981,-72.958387527299976,36.691973686000082,36.692973686000080
3084,-72.958387527299976,-72.957387527299971,36.691973686000082,36.692973686000080
3085,-72.957387527299971,-72.956387527299967,36.691973686000082,36.692973686000080
3088,-72.954387527299957,-72.953387527299952,36.691973686000082,36.692973686000080
3089,-72.953387527299952,-72.952387527299948,36.691973686000082,36.692973686000080
3090,-72.952387527299948,-72.951387527299943,36.691973686000082,36.692973686000080
3092,-72.950387527299938,-72.949387527299933,36.691973686000082,36.692973686000080
3093,-72.949387527299933,-72.948387527299928,36.691973686000082,36.692973686000080
3097,-72.945387527299914,-72.944387527299909,36.691973686000082,36.692973686000080
3098,-72.944387527299909,-72.943387527299905,36.691973686000082,36.692973686000080
3099,-72.943387527299905,-72.942387527299900,36.691973686000082,36.692973686000080
3100,-72.942387527299900,-72.941387527299895,36.691973686000082,36.692973686000080
3101,-72.941387527299895,-72.940387527299890,36.691973686000082,36.692973686000080
3102,-72.940387527299890,-72.939387527299886,36.691973686000082,36.692973686000080
3103,-72.939387527299886,-72.938387527299881,36.691973686000082,36.692973686000080
3104,-72.938387527299881,-72.937387527299876,36.691973686000082,36.692973686000080
3105,-72.937387527299876,-72.936387527299871,36.691973686000082,36.692973686000080
3116,-72.926387527299823,-72.925387527299819,36.691973686000082,36.692973686000080
3117,-72.925387527299819,-72.924387527299814,36.691973686000082,36.692973686000080
3118,-72.924387527299814,-72.923387527299809,36.691973686000082,36.692973686000080
3119,-72.923387527299809,-72.922387527299804,36.691973686000082,36.692973686000080
3120,-72.922387527299804,-72.921387527299800,36.691973686000082,36.692973686000080
3121,-72.921387527299800,-72.920387527299795,36.691973686000082,36.692973686000080
3168,-72.962387527299995,-72.961387527299991,36.690973686000085,36.691973686000082
3169,-72.961387527299991,-72.960387527299986,36.690973686000085,36.691973686000082
3170,-72.960387527299986,-72.959387527299981,36.690973686000085,36.691973686000082
3171,-72.959387527299981,-72.958387527299976,36.690973686000085,36.691973686000082
3172,-72.958387527299976,-72.957387527299971,36.690973686000085,36.691973686000082
3173,-72.957387527299971,-72.956387527299967,36.690973686000085,36.691973686000082
3174,-72.956387527299967,-72.955387527299962,36.690973686000085,36.691973686000082
3175,-72.955387527299962,-72.954387527299957,36.690973686000085,36.691973686000082
3176,-72.954387527299957,-72.953387527299952,36.690973686000085,36.691973686000082
3177,-72.953387527299952,-72.952387527299948,36.690973686000085,36.691973686000082
3181,-72.949387527299933,-72.948387527299928,36.690973686000085,36.691973686000082
3182,-72.948387527299928,-72.947387527299924,36.690973686000085,36.691973686000082
3185,-72.945387527299914,-72.944387527299909,36.690973686000085,36.691973686000082
3186,-72.944387527299909,-72.943387527299905,36.690973686000085,36.691973686000082
3187,-72.943387527299905,-72.942387527299900,36.690973686000085,36.691973686000082
3188,-72.942387527299900,-72.941387527299895,36.690973686000085,36.691973686000082
3189,-72.941387527299895,-72.940387527299890,36.690973686000085,36.691973686000082
3190,-72.940387527299890,-72.939387527299886,36.690973686000085,36.691973686000082
3191,-72.939387527299886,-72.938387527299881,36.690973686000085,36.691973686000082
3192,-72.938387527299881,-72.937387527299876,36.690973686000085,36.691973686000082
3193,-72.937387527299876,-72.936387527299871,36.690973686000085,36.691973686000082
3196,-72.934387527299862,-72.933387527299857,36.690973686000085,36.691973686000082
3201,-72.929387527299838,-72.928387527299833,36.690973686000085,36.691973686000082
3202,-72.928387527299833,-72.927387527299828,36.690973686000085,36.691973686000082
3203,-72.927387527299828,-72.926387527299823,36.690973686000085,36.691973686000082
3204,-72.926387527299823,-72.925387527299819,36.690973686000085,36.691973686000082
3205,-72.925387527299819,-72.924387527299814,36.690973686000085,36.691973686000082
3206,-72.924387527299814,-72.923387527299809,36.690973686000085,36.691973686000082
3207,-72.923387527299809,-72.922387527299804,36.690973686000085,36.691973686000082
3208,-72.922387527299804,-72.921387527299800,36.690973686000085,36.691973686000082
3209,-72.921387527299800,-72.920387527299795,36.690973686000085,36.691973686000082
3258,-72.960387527299986,-72.959387527299981,36.689973686000087,36.690973686000085
3259,-72.959387527299981,-72.958387527299976,36.689973686000087,36.690973686000085
3260,-72.958387527299976,-72.957387527299971,36.689973686000087,36.690973686000085
3261,-72.957387527299971,-72.956387527299967,36.689973686000087,36.690973686000085
3263,-72.955387527299962,-72.954387527299957,36.689973686000087,36.690973686000085
3264,-72.954387527299957,-72.953387527299952,36.689973686000087,36.690973686000085
3265,-72.953387527299952,-72.952387527299948,36.689973686000087,36.690973686000085
3266,-72.952387527299948,-72.951387527299943,36.689973686000087,36.690973686000085
3268,-72.950387527299938,-72.949387527299933,36.689973686000087,36.690973686000085
3269,-72.949387527299933,-72.948387527299928,36.689973686000087,36.690973686000085
3270,-72.948387527299928,-72.947387527299924,36.689973686000087,36.690973686000085
3271,-72.947387527299924,-72.946387527299919,36.689973686000087,36.690973686000085
3272,-72.946387527299919,-72.945387527299914,36.689973686000087,36.690973686000085
3273,-72.945387527299914,-72.944387527299909,36.689973686000087,36.690973686000085
3277,-72.941387527299895,-72.940387527299890,36.689973686000087,36.690973686000085
3278,-72.940387527299890,-72.939387527299886,36.689973686000087,36.690973686000085
3279,-72.939387527299886,-72.938387527299881,36.689973686000087,36.690973686000085
3280,-72.938387527299881,-72.937387527299876,36.689973686000087,36.690973686000085
3281,-72.937387527299876,-72.936387527299871,36.689973686000087,36.690973686000085
3282,-72.936387527299871,-72.935387527299866,36.689973686000087,36.690973686000085
3284,-72.934387527299862,-72.933387527299857,36.689973686000087,36.690973686000085
3285,-72.933387527299857,-72.932387527299852,36.689973686000087,36.690973686000085
3290,-72.928387527299833,-72.927387527299828,36.689973686000087,36.690973686000085
3291,-72.927387527299828,-72.926387527299823,36.689973686000087,36.690973686000085
3292,-72.926387527299823,-72.925387527299819,36.689973686000087,36.690973686000085
3293,-72.925387527299819,-72.924387527299814,36.689973686000087,36.690973686000085
3294,-72.924387527299814,-72.923387527299809,36.689973686000087,36.690973686000085
3348,-72.958387527299976,-72.957387527299971,36.688973686000089,36.689973686000087
3349,-72.957387527299971,-72.956387527299967,36.688973686000089,36.689973686000087
3350,-72.956387527299967,-72.955387527299962,36.688973686000089,36.689973686000087
3351,-72.955387527299962,-72.954387527299957,36.688973686000089,36.689973686000087
3352,-72.954387527299957,-72.953387527299952,36.688973686000089,36.689973686000087
3353,-72.953387527299952,-72.952387527299948,36.688973686000089,36.689973686000087
3354,-72.952387527299948,-72.951387527299943,36.688973686000089,36.689973686000087
3355,-72.951387527299943,-72.950387527299938,36.688973686000089,36.689973686000087
3356,-72.950387527299938,-72.949387527299933,36.688973686000089,36.689973686000087
3357,-72.949387527299933,-72.948387527299928,36.688973686000089,36.689973686000087
3358,-72.948387527299928,-72.947387527299924,36.688973686000089,36.689973686000087
3359,-72.947387527299924,-72.946387527299919,36.688973686000089,36.689973686000087
3360,-72.946387527299919,-72.945387527299914,36.688973686000089,36.689973686000087
3361,-72.945387527299914,-72.944387527299909,36.688973686000089,36.689973686000087
3362,-72.944387527299909,-72.943387527299905,36.688973686000089,36.689973686000087
3363,-72.943387527299905,-72.942387527299900,36.688973686000089,36.689973686000087
3365,-72.941387527299895,-72.940387527299890,36.688973686000089,36.689973686000087
3366,-72.940387527299890,-72.939387527299886,36.688973686000089,36.689973686000087
3367,-72.939387527299886,-72.938387527299881,36.688973686000089,36.689973686000087
3368,-72.938387527299881,-72.937387527299876,36.688973686000089,36.689973686000087
3370,-72.936387527299871,-72.935387527299866,36.688973686000089,36.689973686000087
3372,-72.934387527299862,-72.933387527299857,36.688973686000089,36.689973686000087
3373,-72.933387527299857,-72.932387527299852,36.688973686000089,36.689973686000087
3374,-72.932387527299852,-72.931387527299847,36.688973686000089,36.689973686000087
3375,-72.931387527299847,-72.930387527299843,36.688973686000089,36.689973686000087
3376,-72.930387527299843,-72.929387527299838,36.688973686000089,36.689973686000087
3378,-72.928387527299833,-72.927387527299828,36.688973686000089,36.689973686000087
3379,-72.927387527299828,-72.926387527299823,36.688973686000089,36.689973686000087
3380,-72.926387527299823,-72.925387527299819,36.688973686000089,36.689973686000087
3381,-72.925387527299819,-72.924387527299814,36.688973686000089,36.689973686000087
3382,-72.924387527299814,-72.923387527299809,36.688973686000089,36.689973686000087
3438,-72.956387527299967,-72.955387527299962,36.687973686000092,36.688973686000089
3439,-72.955387527299962,-72.954387527299957,36.687973686000092,36.688973686000089
3440,-72.954387527299957,-72.953387527299952,36.687973686000092,36.688973686000089
3441,-72.953387527299952,-72.952387527299948,36.687973686000092,36.688973686000089
3442,-72.952387527299948,-72.951387527299943,36.687973686000092,36.688973686000089
3443,-72.951387527299943,-72.950387527299938,36.687973686000092,36.688973686000089
3444,-72.950387527299938,-72.949387527299933,36.687973686000092,36.688973686000089
3445,-72.949387527299933,-72.948387527299928,36.687973686000092,36.688973686000089
3446,-72.948387527299928,-72.947387527299924,36.687973686000092,36.688973686000089
3447,-72.947387527299924,-72.946387527299919,36.687973686000092,36.688973686000089
3448,-72.946387527299919,-72.945387527299914,36.687973686000092,36.688973686000089
3449,-72.945387527299914,-72.944387527299909,36.687973686000092,36.688973686000089
3450,-72.944387527299909,-72.943387527299905,36.687973686000092,36.688973686000089
3451,-72.943387527299905,-72.942387527299900,36.687973686000092,36.688973686000089
3458,-72.936387527299871,-72.935387527299866,36.687973686000092,36.688973686000089
3459,-72.935387527299866,-72.934387527299862,36.687973686000092,36.688973686000089
3460,-72.934387527299862,-72.933387527299857,36.687973686000092,36.688973686000089
3461,-72.933387527299857,-72.932387527299852,36.687973686000092,36.688973686000089
3462,-72.932387527299852,-72.931387527299847,36.687973686000092,36.688973686000089
3467,-72.927387527299828,-72.926387527299823,36.687973686000092,36.688973686000089
3468,-72.926387527299823,-72.925387527299819,36.687973686000092,36.688973686000089
3526,-72.956387527299967,-72.955387527299962,36.686973686000094,36.687973686000092
3528,-72.954387527299957,-72.953387527299952,36.686973686000094,36.687973686000092
3529,-72.953387527299952,-72.952387527299948,36.686973686000094,36.687973686000092
3530,-72.952387527299948,-72.951387527299943,36.686973686000094,36.687973686000092
3531,-72.951387527299943,-72.950387527299938,36.686973686000094,36.687973686000092
3532,-72.950387527299938,-72.949387527299933,36.686973686000094,36.687973686000092
3533,-72.949387527299933,-72.948387527299928,36.686973686000094,36.687973686000092
3534,-72.948387527299928,-72.947387527299924,36.686973686000094,36.687973686000092
3535,-72.947387527299924,-72.946387527299919,36.686973686000094,36.687973686000092
3536,-72.946387527299919,-72.945387527299914,36.686973686000094,36.687973686000092
3537,-72.945387527299914,-72.944387527299909,36.686973686000094,36.687973686000092
3538,-72.944387527299909,-72.943387527299905,36.686973686000094,36.687973686000092
3539,-72.943387527299905,-72.942387527299900,36.686973686000094,36.687973686000092
3541,-72.941387527299895,-72.940387527299890,36.686973686000094,36.687973686000092
3542,-72.940387527299890,-72.939387527299886,36.686973686000094,36.687973686000092
3546,-72.936387527299871,-72.935387527299866,36.686973686000094,36.687973686000092
3614,-72.956387527299967,-72.955387527299962,36.685973686000096,36.686973686000094
3615,-72.955387527299962,-72.954387527299957,36.685973686000096,36.686973686000094
3616,-72.954387527299957,-72.953387527299952,36.685973686000096,36.686973686000094
3618,-72.952387527299948,-72.951387527299943,36.685973686000096,36.686973686000094
3619,-72.951387527299943,-72.950387527299938,36.685973686000096,36.686973686000094
3620,-72.950387527299938,-72.949387527299933,36.685973686000096,36.686973686000094
3621,-72.949387527299933,-72.948387527299928,36.685973686000096,36.686973686000094
3622,-72.948387527299928,-72.947387527299924,36.685973686000096,36.686973686000094
3623,-72.947387527299924,-72.946387527299919,36.685973686000096,36.686973686000094
3624,-72.946387527299919,-72.945387527299914,36.685973686000096,36.686973686000094
3625,-72.945387527299914,-72.944387527299909,36.685973686000096,36.686973686000094
3626,-72.944387527299909,-72.943387527299905,36.685973686000096,36.686973686000094
3627,-72.943387527299905,-72.942387527299900,36.685973686000096,36.686973686000094
3629,-72.941387527299895,-72.940387527299890,36.685973686000096,36.686973686000094
3630,-72.940387527299890,-72.939387527299886,36.685973686000096,36.686973686000094
3631,-72.939387527299886,-72.938387527299881,36.685973686000096,36.686973686000094
3632,-72.938387527299881,-72.937387527299876,36.685973686000096,36.686973686000094
3633,-72.937387527299876,-72.936387527299871,36.685973686000096,36.686973686000094
3634,-72.936387527299871,-72.935387527299866,36.685973686000096,36.686973686000094
3703,-72.955387527299962,-72.954387527299957,36.684973686000099,36.685973686000096
3704,-72.954387527299957,-72.953387527299952,36.684973686000099,36.685973686000096
3705,-72.953387527299952,-72.952387527299948,36.684973686000099,36.685973686000096
3706,-72.952387527299948,-72.951387527299943,36.684973686000099,36.685973686000096
3707,-72.951387527299943,-72.950387527299938,36.684973686000099,36.685973686000096
3708,-72.950387527299938,-72.949387527299933,36.684973686000099,36.685973686000096
3709,-72.949387527299933,-72.948387527299928,36.684973686000099,36.685973686000096
3710,-72.948387527299928,-72.947387527299924,36.684973686000099,36.685973686000096
3711,-72.947387527299924,-72.946387527299919,36.684973686000099,36.685973686000096
3712,-72.946387527299919,-72.945387527299914,36.684973686000099,36.685973686000096
3713,-72.945387527299914,-72.944387527299909,36.684973686000099,36.685973686000096
3715,-72.943387527299905,-72.942387527299900,36.684973686000099,36.685973686000096
3716,-72.942387527299900,-72.941387527299895,36.684973686000099,36.685973686000096
3717,-72.941387527299895,-72.940387527299890,36.684973686000099,36.685973686000096
3718,-72.940387527299890,-72.939387527299886,36.684973686000099,36.685973686000096
3720,-72.938387527299881,-72.937387527299876,36.684973686000099,36.685973686000096
3792,-72.954387527299957,-72.953387527299952,36.683973686000101,36.684973686000099
3793,-72.953387527299952,-72.952387527299948,36.683973686000101,36.684973686000099
3794,-72.952387527299948,-72.951387527299943,36.683973686000101,36.684973686000099
3797,-72.949387527299933,-72.948387527299928,36.683973686000101,36.684973686000099
3798,-72.948387527299928,-72.947387527299924,36.683973686000101,36.684973686000099
3799,-72.947387527299924,-72.946387527299919,36.683973686000101,36.684973686000099
3800,-72.946387527299919,-72.945387527299914,36.683973686000101,36.684973686000099
3801,-72.945387527299914,-72.944387527299909,36.683973686000101,36.684973686000099
3804,-72.942387527299900,-72.941387527299895,36.683973686000101,36.684973686000099
3805,-72.941387527299895,-72.940387527299890,36.683973686000101,36.684973686000099
3884,-72.950387527299938,-72.949387527299933,36.682973686000103,36.683973686000101
3885,-72.949387527299933,-72.948387527299928,36.682973686000103,36.683973686000101
3886,-72.948387527299928,-72.947387527299924,36.682973686000103,36.683973686000101
3887,-72.947387527299924,-72.946387527299919,36.682973686000103,36.683973686000101
3888,-72.946387527299919,-72.945387527299914,36.682973686000103,36.683973686000101
3889,-72.945387527299914,-72.944387527299909,36.682973686000103,36.683973686000101
3890,-72.944387527299909,-72.943387527299905,36.682973686000103,36.683973686000101
3891,-72.943387527299905,-72.942387527299900,36.682973686000103,36.683973686000101
3892,-72.942387527299900,-72.941387527299895,36.682973686000103,36.683973686000101
3973,-72.949387527299933,-72.948387527299928,36.681973686000106,36.682973686000103
3974,-72.948387527299928,-72.947387527299924,36.681973686000106,36.682973686000103
3975,-72.947387527299924,-72.946387527299919,36.681973686000106,36.682973686000103
3976,-72.946387527299919,-72.945387527299914,36.681973686000106,36.682973686000103
3977,-72.945387527299914,-72.944387527299909,36.681973686000106,36.682973686000103
3978,-72.944387527299909,-72.943387527299905,36.681973686000106,36.682973686000103
3979,-72.943387527299905,-72.942387527299900,36.681973686000106,36.682973686000103
4061,-72.949387527299933,-72.948387527299928,36.680973686000108,36.681973686000106
4062,-72.948387527299928,-72.947387527299924,36.680973686000108,36.681973686000106
4063,-72.947387527299924,-72.946387527299919,36.680973686000108,36.681973686000106
4064,-72.946387527299919,-72.945387527299914,36.680973686000108,36.681973686000106
4065,-72.945387527299914,-72.944387527299909,36.680973686000108,36.681973686000106
4066,-72.944387527299909,-72.943387527299905,36.680973686000108,36.681973686000106
4067,-72.943387527299905,-72.942387527299900,36.680973686000108,36.681973686000106
4069,-72.941387527299895,-72.940387527299890,36.680973686000108,36.681973686000106
4149,-72.949387527299933,-72.948387527299928,36.679973686000110,36.680973686000108
4150,-72.948387527299928,-72.947387527299924,36.679973686000110,36.680973686000108
4151,-72.947387527299924,-72.946387527299919,36.679973686000110,36.680973686000108
4152,-72.946387527299919,-72.945387527299914,36.679973686000110,36.680973686000108
4153,-72.945387527299914,-72.944387527299909,36.679973686000110,36.680973686000108
4154,-72.944387527299909,-72.943387527299905,36.679973686000110,36.680973686000108
4155,-72.943387527299905,-72.942387527299900,36.679973686000110,36.680973686000108
4239,-72.947387527299924,-72.946387527299919,36.678973686000113,36.679973686000110
4240,-72.946387527299919,-72.945387527299914,36.678973686000113,36.679973686000110
4242,-72.944387527299909,-72.943387527299905,36.678973686000113,36.679973686000110
4328,-72.946387527299919,-72.945387527299914,36.677973686000115,36.678973686000113
4329,-72.945387527299914,-72.944387527299909,36.677973686000115,36.678973686000113
4330,-72.944387527299909,-72.943387527299905,36.677973686000115,36.678973686000113
4331,-72.943387527299905,-72.942387527299900,36.677973686000115,36.678973686000113
4415,-72.947387527299924,-72.946387527299919,36.676973686000117,36.677973686000115
4417,-72.945387527299914,-72.944387527299909,36.676973686000117,36.677973686000115
4418,-72.944387527299909,-72.943387527299905,36.676973686000117,36.677973686000115
4504,-72.946387527299919,-72.945387527299914,36.675973686000120,36.676973686000117
4505,-72.945387527299914,-72.944387527299909,36.675973686000120,36.676973686000117
4506,-72.944387527299909,-72.943387527299905,36.675973686000120,36.676973686000117
